Suite/Test/Step Name,Browser,Description,Tag,Start time,End time,Duration,Status
TL_Amazon_searchitem_Testsuite_001,Chrome 121.0.0.0,,,07-02-2024 21:55:40,07-02-2024 21:57:51,2m - 11.017s,PASSED
,,,,,,,
Test Cases/Amazon/Testlistener/TC_TL_Searchitem_001,Chrome 121.0.0.0,,,07-02-2024 21:55:40,07-02-2024 21:57:51,2m - 10.593s,PASSED
Start listener action : sampleBeforeTestCase,Chrome 121.0.0.0,,,07-02-2024 21:55:40,07-02-2024 21:55:47,6.891s,PASSED
"selectOptionByLabel(findTestObject(""Amazon_Category_validation_excel_OR/Page_Amazon.com. Spend less. Smile more/category_element""), ""Books"", false)",Chrome 121.0.0.0,,,07-02-2024 21:55:47,07-02-2024 21:57:22,1m - 34.965s,PASSED
"setText(findTestObject(""Amazon_Category_validation_excel_OR/Page_Amazon.com. Spend less. Smile more/input_Search Amazon_field-keywords""), ""da vinci code"")",Chrome 121.0.0.0,,,07-02-2024 21:57:22,07-02-2024 21:57:26,3.144s,PASSED
"click(findTestObject(""Amazon_Category_validation_excel_OR/Page_Amazon.com. Spend less. Smile more/input_Search Amazon_nav-search-submit-button""))",Chrome 121.0.0.0,,,07-02-2024 21:57:26,07-02-2024 21:57:51,24.946s,PASSED
Start listener action : sampleAfterTestCase,Chrome 121.0.0.0,,,07-02-2024 21:57:51,07-02-2024 21:57:51,0.462s,PASSED
