Suite/Test/Step Name,Browser,Description,Tag,Start time,End time,Duration,Status
TL_Amazon_searchitem_Testsuite_001,Chrome 121.0.0.0,,,07-02-2024 18:53:38,07-02-2024 18:56:39,3m - 1.470s,PASSED
,,,,,,,
Test Cases/Amazon/Testlistener/TC_TL_Searchitem_001,Chrome 121.0.0.0,,,07-02-2024 18:53:39,07-02-2024 18:56:39,3m - 0.195s,PASSED
Start listener action : sampleBeforeTestCase,Chrome 121.0.0.0,,,07-02-2024 18:53:39,07-02-2024 18:55:42,2m - 2.981s,PASSED
"selectOptionByLabel(findTestObject(""Amazon_Category_validation_excel_OR/Page_Amazon.com. Spend less. Smile more/category_element""), ""Books"", false)",Chrome 121.0.0.0,,,07-02-2024 18:55:42,07-02-2024 18:56:12,29.104s,PASSED
"setText(findTestObject(""Amazon_Category_validation_excel_OR/Page_Amazon.com. Spend less. Smile more/input_Search Amazon_field-keywords""), ""da vinci code"")",Chrome 121.0.0.0,,,07-02-2024 18:56:12,07-02-2024 18:56:17,5.281s,PASSED
"click(findTestObject(""Amazon_Category_validation_excel_OR/Page_Amazon.com. Spend less. Smile more/input_Search Amazon_nav-search-submit-button""))",Chrome 121.0.0.0,,,07-02-2024 18:56:17,07-02-2024 18:56:28,11.062s,PASSED
Start listener action : sampleAfterTestCase,Chrome 121.0.0.0,,,07-02-2024 18:56:28,07-02-2024 18:56:39,11.496s,PASSED
