Suite/Test/Step Name,Browser,Description,Tag,Start time,End time,Duration,Status
Amazon_loginandlogout_testsuite,Firefox 122.0,,,07-02-2024 22:37:34,07-02-2024 22:38:57,1m - 23.201s,PASSED
,,,,,,,
Test Cases/Amazon/TC_Amazon_signin_003,Firefox 122.0,,,07-02-2024 22:37:35,07-02-2024 22:38:11,35.996s,PASSED
Start listener action : sampleBeforeTestCase,Firefox 122.0,,,07-02-2024 22:37:35,07-02-2024 22:37:51,16.370s,PASSED
"click(findTestObject(""Object Repository/OR_Amazon_signin/Page_Amazon.com. Spend less. Smile more/span_Account  Lists""))",Firefox 122.0,,,07-02-2024 22:37:51,07-02-2024 22:37:53,1.870s,PASSED
"setText(findTestObject(""Object Repository/OR_Amazon_signin/Page_Amazon Sign-In/input_email""), username)",Firefox 122.0,,,07-02-2024 22:37:53,07-02-2024 22:37:57,4.042s,PASSED
"click(findTestObject(""Object Repository/OR_Amazon_signin/Page_Amazon Sign-In/inputcontinue""))",Firefox 122.0,,,07-02-2024 22:37:57,07-02-2024 22:38:00,2.897s,PASSED
"setEncryptedText(findTestObject(""Object Repository/OR_Amazon_signin/Page_Amazon Sign-In/input_password""), password)",Firefox 122.0,,,07-02-2024 22:38:00,07-02-2024 22:38:03,2.791s,PASSED
"click(findTestObject(""Object Repository/OR_Amazon_signin/Page_Amazon Sign-In/inputsignInSubmit""))",Firefox 122.0,,,07-02-2024 22:38:03,07-02-2024 22:38:07,3.943s,PASSED
Start listener action : sampleAfterTestCase,Firefox 122.0,,,07-02-2024 22:38:07,07-02-2024 22:38:11,3.828s,PASSED
,,,,,,,
Test Cases/Amazon/TC_Amazon_logout_004,Firefox 122.0,,,07-02-2024 22:38:11,07-02-2024 22:38:57,46.833s,PASSED
Start listener action : sampleBeforeTestCase,Firefox 122.0,,,07-02-2024 22:38:11,07-02-2024 22:38:18,7.099s,PASSED
"click(findTestObject(""OR_amazon_logout/Page_Amazon.com. Spend less. Smile more/a_All""))",Firefox 122.0,,,07-02-2024 22:38:18,07-02-2024 22:38:21,3.569s,PASSED
"click(findTestObject(""OR_amazon_logout/Page_Amazon.com. Spend less. Smile more/a_Sign Out""))",Firefox 122.0,,,07-02-2024 22:38:21,07-02-2024 22:38:55,33.411s,PASSED
Start listener action : sampleAfterTestCase,Firefox 122.0,,,07-02-2024 22:38:55,07-02-2024 22:38:57,2.604s,PASSED
