Suite/Test/Step Name,Browser,Description,Tag,Start time,End time,Duration,Status
TL_Amazon_searchitem_Testsuite_001,Chrome 121.0.0.0,,,05-02-2024 23:26:05,05-02-2024 23:28:53,2m - 48.172s,PASSED
,,,,,,,
Test Cases/Amazon/Testlistener/TC_TL_Searchitem_001,Chrome 121.0.0.0,,,05-02-2024 23:26:11,05-02-2024 23:28:53,2m - 41.538s,PASSED
Start listener action : sampleBeforeTestCase,Chrome 121.0.0.0,,,05-02-2024 23:26:11,05-02-2024 23:27:41,1m - 29.329s,PASSED
"selectOptionByLabel(findTestObject(""Amazon_Category_validation_excel_OR/Page_Amazon.com. Spend less. Smile more/category_element""), ""Books"", false)",Chrome 121.0.0.0,,,05-02-2024 23:27:41,05-02-2024 23:28:07,26.463s,PASSED
"setText(findTestObject(""Amazon_Category_validation_excel_OR/Page_Amazon.com. Spend less. Smile more/input_Search Amazon_field-keywords""), ""da vinci code"")",Chrome 121.0.0.0,,,05-02-2024 23:28:07,05-02-2024 23:28:16,8.550s,PASSED
"click(findTestObject(""Amazon_Category_validation_excel_OR/Page_Amazon.com. Spend less. Smile more/input_Search Amazon_nav-search-submit-button""))",Chrome 121.0.0.0,,,05-02-2024 23:28:16,05-02-2024 23:28:36,19.645s,PASSED
Start listener action : sampleAfterTestCase,Chrome 121.0.0.0,,,05-02-2024 23:28:36,05-02-2024 23:28:53,17.257s,PASSED
